<?xml version="1.0" encoding="UTF-8"?>
<project-private xmlns="http://www.netbeans.org/ns/project-private/1">
    <editor-bookmarks xmlns="http://www.netbeans.org/ns/editor-bookmarks/2" lastBookmarkId="0"/>
    <open-files xmlns="http://www.netbeans.org/ns/projectui-open-files/2">
        <group>
            <file>file:/C:/Users/hp/Desktop/New%20folder/new_project_esad/web/delsinglewithnoac.jsp</file>
            <file>file:/C:/Users/hp/Desktop/New%20folder/new_project_esad/web/deltwowithnoac.jsp</file>
            <file>file:/C:/Users/hp/Desktop/New%20folder/new_project_esad/web/home.jsp</file>
            <file>file:/C:/Users/hp/Desktop/New%20folder/new_project_esad/web/seen1.jsp</file>
            <file>file:/C:/Users/hp/Desktop/New%20folder/new_project_esad/web/delsinglewithac.jsp</file>
            <file>file:/C:/Users/hp/Desktop/New%20folder/new_project_esad/web/deltwowithac.jsp</file>
            <file>file:/C:/Users/hp/Desktop/New%20folder/new_project_esad/web/delthreewithac.jsp</file>
            <file>file:/C:/Users/hp/Desktop/New%20folder/new_project_esad/web/delthreewithnoac.jsp</file>
        </group>
    </open-files>
</project-private>
